id,name,team,opponent,event_start,position,salary
MnW1pnxhq1tu9cMCejhSxbh5LHKQ,Samajie Grant,ARI,SA,20:00 2019-03-31,RB,3000
MgiboeFU3bSFzK6KxPa-Xr10FHAw,Larry Rose III,ARI,SA,20:00 2019-03-31,RB,3000
Mhbe28QXW-wYnR-q3KPOP8y4ydgD,Tim Cook,ARI,SA,20:00 2019-03-31,RB,4500
MiHUI6U2HGfaMX3s0w6-GEg1ERms,Joseph Fauria,ARI,SA,20:00 2019-03-31,TE,3000
MkSQkA0DlgEoiwU955Ir2v-_UhEF,Darius Prince,SA,ARI,20:00 2019-03-31,WR,3000
MhWfGz0IuyCRkiX-EAi-eMNBCiyi,Brandon Shed,SA,ARI,20:00 2019-03-31,WR,3000
MiCHa8E_-TOZ6Vdzl2vPkpsBAsI2,Malik Earl,SA,ARI,20:00 2019-03-31,WR,3000
MiUKbbFISV5aL8sntaxSOLtUpPRE,Logan Woodside,SA,ARI,20:00 2019-03-31,QB,5500
MjpjYSya6_frsZ8aGk_iDyL66DDV,Cam Clear,SA,ARI,20:00 2019-03-31,TE,3500
Moh0d_KMCFYTe2--2roPBqgiZqV_,Dustin Vaughan,SA,ARI,20:00 2019-03-31,QB,5000
MkJMaeehojJ_G2FTn43DdskqOBtE,Richard Mullaney,ARI,SA,20:00 2019-03-31,WR,4500
MrC-mlcr-mSePbIBVLTOeXgH2s6b,Gerald Christian,ARI,SA,20:00 2019-03-31,TE,3400
MrSQS2wxF2mfqsspmu9k1xp0T5Ua,Anthony Amos,ARI,SA,20:00 2019-03-31,WR,3000
MsVVZ3LC_heuEr4PWNhGVHQeCy2Z,Corey Willis,ARI,SA,20:00 2019-03-31,WR,3000
MpRddErY_E8R7jc9BtPv9XlGkorE,Mekale McKay,SA,ARI,20:00 2019-03-31,WR,6300
Mouig89pVdE03nmLvHe4S9gpJ01y,John Diarse,SA,ARI,20:00 2019-03-31,WR,3100
MpRU0C_0yu9AV3-irCNvEP4ik4Cu,Cobi Hamilton,ARI,SA,20:00 2019-03-31,WR,3000
Mo5PJj3nJoBn8YPg5DKijJXdAfXS,Carl Whitley,SA,ARI,20:00 2019-03-31,WR,3000
MoGqBldvEW-p3_ryF0QTr1kfy6r_,"Kenneth Walker, III",ARI,SA,20:00 2019-03-31,WR,3000
Mm7snAx05W5tu1iKEJZ1r5GxNG-z,Rashad Ross,ARI,SA,20:00 2019-03-31,WR,6900
Mm0riXVGYMOcU0-4HX2X9MACj5kz,Brandon Doughty,ARI,SA,20:00 2019-03-31,QB,5000
Mk4IH3V19RPzqhXq-wefiCcKGCg6,"Greg Ward, Jr.",SA,ARI,20:00 2019-03-31,WR,3200
MkC7GxwD0CX0H67Q0a5BtAMszQc8,Dalton Sturm,SA,ARI,20:00 2019-03-31,QB,5000
Mj3fRB3AVS12OCsIskMz_0PDffQy,Quinn McQueary,ARI,SA,20:00 2019-03-31,QB,5000
MkPvvbYvaVNNPxdSnPAYxFKkEa0Y,John Wolford,ARI,SA,20:00 2019-03-31,QB,5800
Mv1x5oSVJFjxcBN5MwJ58Fp7WOcf,Trey Williams,SA,ARI,20:00 2019-03-31,RB,4000
MhyVle_UIu23yo8WANee4OUPncIR,David Cobb,SA,ARI,20:00 2019-03-31,RB,3300
MgT56rsYAvlu70T8IUGLqULDIn4W,Josh Stewart,SA,ARI,20:00 2019-03-31,WR,3000
MgSBuTO_lMSM8QMHzELn3XamvjiG,Kyle Allen,SA,ARI,20:00 2019-03-31,QB,5000
Mgb_UtvY7qtHpPKINg1QkU5ov9OJ,Stehly Reden,SA,ARI,20:00 2019-03-31,TE,3200
MvipIa5L9gbYdZQ29j_alrn4nZHC,Cole Hunt,SA,ARI,20:00 2019-03-31,TE,3100
MvM6zxqfCqHooC6YhCoxuaHlBAMU,Trevor Knight,ARI,SA,20:00 2019-03-31,QB,5000
MvRJwCF7_74J3VsAWRubhjoJgHM5,Bryce Williams,ARI,SA,20:00 2019-03-31,TE,3000
MvMPK87RjthDpgkxi-5PMRJI56FG,Marquis Bundy,ARI,SA,20:00 2019-03-31,WR,3700
Mu3ahBJhqQJBfhINO9AsuKwQQjAu,Jaelen Strong,ARI,SA,20:00 2019-03-31,WR,3000
Mu0CsHf-olJEt5aQgvVNLyXY3QIx,Deion Holliman,ARI,SA,20:00 2019-03-31,WR,3400
MuzB8aju0aGjhWzwt81_5-k3bWva,De'Marcus Ayers,SA,ARI,20:00 2019-03-31,WR,3800
MvWci2BzKuGbiHfQ_GdyMZb3AtJo,Daryl Richardson,SA,ARI,20:00 2019-03-31,RB,3000
Muu-O7tNx67WRO10jxjMo9sXHK3a,Speedy Noil,SA,ARI,20:00 2019-03-31,WR,3000
MuFzhKGMHfLzIjrXrapTwDVc1-nX,Alonzo Moore,SA,ARI,20:00 2019-03-31,WR,3300
MupH198whtLyGoCnan_zhuBONP-0,Marquise Williams,SA,ARI,20:00 2019-03-31,QB,5200
Mt0Ys7B1YbqS9FIrnOpWzssu2FCJ,Eli Jenkins,ARI,SA,20:00 2019-03-31,QB,5000
MsuqKLUycZ4oZeSa_8mp-GpOy_Gd,Connor Hamlett,ARI,SA,20:00 2019-03-31,TE,3000
MtH3-LPouTERsZVdNt76JXxktD7N,Jake Hubenak,SA,ARI,20:00 2019-03-31,QB,5000
MsbPuETToV8YVFQPwTrERk9SgJlw,Aaron Green,SA,ARI,20:00 2019-03-31,RB,3400
Msab37KDSF5Dmhxdpo2luJzxkEiP,Justin Stockton,ARI,SA,20:00 2019-03-31,RB,3500
MsQPaUeKdRzJSNKUmf9eYi6fhFDv,"Kenneth Farrow, II",SA,ARI,20:00 2019-03-31,RB,6100
MrbAjODhVSr6W7hTaAmC8u0WN9pK,Freddie Martino,ARI,SA,20:00 2019-03-31,WR,4600
Mqov-trF95R18wq3KsfAxd4YinmG,Jhurell Pressley,ARI,SA,20:00 2019-03-31,RB,6000
Mq_R498PrH4WBG5Q138b6sQggVKp,Jack Heneghan,ARI,SA,20:00 2019-03-31,QB,5000
Mp30XHE6WaeCGjZAycOZ50NgWvu2,Evan Rodriguez,SA,ARI,20:00 2019-03-31,TE,4300
Mpz1d05mfi4t5VeyehpsANqewBsr,Thomas Duarte,ARI,SA,20:00 2019-03-31,TE,4100
MqCPKOT_ZV5JF4DiAFXApaaqOtlf,Cam  Serigne,ARI,SA,20:00 2019-03-31,TE,3000
MhU-3EcWuyvIJl2XIcCZ67zFaEwY,Kalais Robinson,BIR,ATL,16:00 2019-03-31,TE,3000
Mg_WjBJbfsSmhgblX-ChTqgx2QNj,Denard Robinson,ATL,BIR,16:00 2019-03-31,RB,3200
MgXuu1IplE-oQRh9H5EBHX0Uzs_J,Seantavius Jones,ATL,BIR,16:00 2019-03-31,WR,4800
MiIK7hSbu0NBdYcQyeRrXYckoMiR,Justin Thomas,ATL,BIR,16:00 2019-03-31,WR,3600
MknoSN9MGmBuZzYLHMocyN2vdMN3,James Clark,ATL,BIR,16:00 2019-03-31,WR,3000
Mof0DIIcKBs9BlqLq7I1kGSR4pnx,Keith Towbridge,ATL,BIR,16:00 2019-03-31,TE,4200
MjiTEx33U92uj4oT_o0nS86vlwP9,Trent Richardson,BIR,ATL,16:00 2019-03-31,RB,8000
MkXtS_Yu0mkc3BP5bNBQeSCOTJvC,"Wes Saxton, Jr. ",BIR,ATL,16:00 2019-03-31,TE,4400
Mmo4mbAD4Ss39YqyP4QDa78tOgyo,Jamal Robinson,BIR,ATL,16:00 2019-03-31,WR,4200
MsPpBdm_TA_D_k1EJ62-ovlO9mah,DeVozea Felton,BIR,ATL,16:00 2019-03-31,WR,3000
MsWlWGFivq3_ThVsuPkEYl2t2gMZ,Brandon Ross,BIR,ATL,16:00 2019-03-31,RB,3000
Mumm8PK_wY3MZXSOMTik0hsIp6Ly,Tobias Palmer,BIR,ATL,16:00 2019-03-31,WR,3200
MpewpcPmXWw7dlR2o48Yu7NOKPbQ,Brandon Radcliff,ATL,BIR,16:00 2019-03-31,RB,4600
MpyqEM1_gXIsD4IUZIqZWH4orGOo,L'Damian Washington,BIR,ATL,16:00 2019-03-31,WR,4700
Mpe260WopCdu04wdxKraGyNjuaTT,Braedon Bowman,BIR,ATL,16:00 2019-03-31,TE,3300
MpkM19wHcTzqtPuDQxIovjKHekxo,Brett Thompson,BIR,ATL,16:00 2019-03-31,TE,3000
MpF9nUlq2CazMaVnaXVN9Cxnes98,Marshaun Coprich,BIR,ATL,16:00 2019-03-31,RB,3100
Mm7AJ6Byhebu0DEBXteDAaFkzjWH,Luis Perez,BIR,ATL,16:00 2019-03-31,QB,6000
MmuNa1g5wLa6Qj-ndC8Iav3eT1xT,Malachi Jones,ATL,BIR,16:00 2019-03-31,WR,5900
MmbkMuW2p6t8_L4aprsO3viyTzyY,Lawrence Pittman,ATL,BIR,16:00 2019-03-31,RB,3000
Ml9cOZHecV3pc9mEGX4ZR4Y6ZkMB,Amba Etta-Tawo,BIR,ATL,16:00 2019-03-31,WR,4100
Mkzk3MIyF7JAQcd78N4W7Duh2SUq,Ervin Philips,ATL,BIR,16:00 2019-03-31,WR,3000
MkpKbd9cizc4HjHP8RKBiKXmRtUz,Peter Pujals,ATL,BIR,16:00 2019-03-31,QB,5000
Mk5lf0dU6nBJfH5Gbsl59VPbwcyu,Montay Crockett,ATL,BIR,16:00 2019-03-31,WR,3100
MkF5UPgoj0KxTC06w0oSTc74NNC8,Marcus McDade,BIR,ATL,16:00 2019-03-31,QB,5000
Mkd9QS5K8m9c-Y5kY-lcDXvRiPYP,Jevoni Robinson,ATL,BIR,16:00 2019-03-31,TE,3000
Mm2ZwVxSGkw3OqT1GyqzErHBxJeK,Charles Standberry Jr.,ATL,BIR,16:00 2019-03-31,TE,3000
MjqXp-M0egZj0qqf9VW--WdOhYOU,James Quick,ATL,BIR,16:00 2019-03-31,WR,3300
MvmOLxRYf5EpHnnw3KboJ64aj5U8,Quinton Patton,BIR,ATL,16:00 2019-03-31,WR,5500
MsyVDBtdKsgCYjpATLWxD0sH7Blm,Ty Isaac,BIR,ATL,16:00 2019-03-31,RB,3000
MuYoCSN_reGSvVl8Z35Cp34r5CNV,Jack Bramswig,BIR,ATL,16:00 2019-03-31,WR,3000
MseOmwcB9ERo5Yb_5ejbYhmFxa5b,Keith Price,BIR,ATL,16:00 2019-03-31,QB,5000
Mr5k7hAZFnvFAoDhfOnpMECSCZeC,Tarean Folston,ATL,BIR,16:00 2019-03-31,RB,5200
MrCulWiIV_vBdrkYTrojBDpun75X,Aaron Murray,ATL,BIR,16:00 2019-03-31,QB,6200
MrheAoooRuZ0B2xqcIr7XnBLZDoW,Matt Simms,ATL,BIR,16:00 2019-03-31,QB,5100
Mtccg6qR_cXjZPWD-JqIMgEmOgXU,Stephen Hill,ATL,BIR,16:00 2019-03-31,WR,3000
Mq-GmGW4EfGjMYsrlxSJKz4Rpa6d,Bug Howard,ATL,BIR,16:00 2019-03-31,WR,3900
Mq5jqU-HbUqVHtCp9BI77nm6KnRB,Bernard Reedy,ATL,BIR,16:00 2019-03-31,WR,3000
Mq1RStymgc8cFWxr8p8ySYfeWKpF,Lonnie Outlaw,BIR,ATL,16:00 2019-03-31,WR,3000
Mp3zvfSwOo1W0Pu37w7W0tEq-jEF,Deniko Carter,ATL,BIR,16:00 2019-03-31,WR,3000
Mg1HYIc4h7TNc18_eROYoQ_2IyJC,Colin Thompson,BIR,ATL,16:00 2019-03-31,TE,3000
MvaVaRmk8kl8ADec-M9W6xBAZ90g,Mitchell Shegos,ATL,BIR,16:00 2019-03-31,WR,3000
Mso-Sk88_bEryhmiW_TmsarMRb5M,Greg Ducre,SD,SL,20:00 2019-03-30,RB,3000
MhUls-uWWUUVL6B-EkSWHmfe1WDY,Terry Swanson,SL,SD,20:00 2019-03-30,RB,3000
MjQdQplRusHyVzncTteLcd_4RdB4,Brian Brown,SD,SL,20:00 2019-03-30,WR,3800
MhCa7JbTmkeS_XZiwQNVy6GSLB-j,Aaron Peck,SD,SL,20:00 2019-03-30,TE,3000
MgL4D_RHJ9sR9_cgr7jc_wknKh73,Sam Mobley,SL,SD,20:00 2019-03-30,WR,3000
MhUElmUUm5ItoKzS_lLIuWNenhRM,De'Mornay Pierson-El,SL,SD,20:00 2019-03-30,WR,6100
MriNVkKuGd_7mZC31wwRWv2aZvyt,Terron Ward,SL,SD,20:00 2019-03-30,RB,3700
MkpRgd5SNWd31jHiLxntSELkwYKP,Terrell Watson,SD,SL,20:00 2019-03-30,RB,5000
MluzUXObHhe2cAWPPHcb4G54tlKb,Francis Owusu,SD,SL,20:00 2019-03-30,WR,3700
Mlx6Z1X5i5Av-jLpFjMD0O5wHPBX,Mike Bercovici,SD,SL,20:00 2019-03-30,QB,5900
Ms7obZS7dFXxIdQMVfg1WsQJeF3y,Dontez Ford,SD,SL,20:00 2019-03-30,WR,6600
MpWMIkFb1L5PEgV4vYswWm1p0gEO,Gavin Escobar,SD,SL,20:00 2019-03-30,TE,3800
MpBhJ3CZ5O38V01ldy5ZOOR2aELp,Devon Cajuste,SD,SL,20:00 2019-03-30,TE,3000
MoMskxw0NVnEJyzzdBGN1Ktv5iPx,Nick Stevens,SL,SD,20:00 2019-03-30,QB,5000
MoIfI6pzRT6PEupCPEz5uDPNSp9E,Joel Bouagnon,SL,SD,20:00 2019-03-30,RB,5500
MoGqnWzwx3W0b0JDeLuMs4hRNaD4,Alek Torgersen,SD,SL,20:00 2019-03-30,QB,5000
Mod3ITzCEzVq2YrkIKTVKWI4zUeO,Tyler Hoppes,SL,SD,20:00 2019-03-30,TE,3000
MnvL6-GbEKvM2KNii88YtoXpeeCF,Jordan Leslie,SL,SD,20:00 2019-03-30,WR,4000
Mm0slpmHcp2rAoyy_YujtIOMalki,Kameron Kelly,SD,SL,20:00 2019-03-30,WR,3000
Mn5pHXBrCRitfw2C4tMKBJBXZfQc,Korey Robertson,SL,SD,20:00 2019-03-30,WR,3000
Mnjlocn69S4cbFWfnc07dyXJTfiJ,Joe Williams,SL,SD,20:00 2019-03-30,RB,3000
MnhMeRsiWw6LMqSeT11jQLPbC19v,Adonis Jennings,SL,SD,20:00 2019-03-30,WR,3900
Mnc8xISXCM-ArpeuLVABzhBG1xBr,Ben Johnson,SD,SL,20:00 2019-03-30,TE,3300
MnZyXGX8iVvUgvjJtqLho4ON0yH6,Nick Truesdell,SL,SD,20:00 2019-03-30,TE,5200
MnSbN3NKTWGgbhSjjM2pzQ_20YJd,Marcus Baugh,SD,SL,20:00 2019-03-30,TE,3600
MmvHKLCRyZq-N-Gt2TxaMx3PtX1B,Alex Ross,SD,SL,20:00 2019-03-30,QB,5100
MoMrGcVxY9-wFwve2Zt5mI2-zP6U,Marvin Bracy-Williams Jr.,SL,SD,20:00 2019-03-30,WR,3000
MmIr6_Tggdgd2yO-XQnxLDtzVPS1,Tanner Balderree,SL,SD,20:00 2019-03-30,TE,3100
MkmAhau0FGwzGtqivpJVBbM_Rv34,Jahad Thomas,SD,SL,20:00 2019-03-30,RB,3000
MhpQ_EdOOdPGE72Xu2X1U6pw4jKi,Terrell Newby,SL,SD,20:00 2019-03-30,RB,3900
Mg7ESCLcQeEi-Z0oZGFiwY2--zlS,Josh Woodrum,SL,SD,20:00 2019-03-30,QB,5700
MqUNgf7DkM8xOxpVt6pmQt79ZCm4,Shane Wynn,SL,SD,20:00 2019-03-30,WR,3000
MgScDthiAkbMTa0nRqP2xaxVF5BI,Kyle Lewis,SD,SL,20:00 2019-03-30,WR,3000
MvvjScH-3vsslt5_WLNxjEcYd7wj,Matt Linehan,SL,SD,20:00 2019-03-30,QB,5000
MhfUsZoRzun-PJwfaZuaJS10nFTd,Brian Tyms,SL,SD,20:00 2019-03-30,WR,3400
MvqJnkN5sh8Byg8HsPF622BBTKGd,Bishop Sankey,SD,SL,20:00 2019-03-30,RB,4900
Mvj-Md_UANIB0mUeSN6xIge4-xEg,Laquvionte Gonzalez,SD,SL,20:00 2019-03-30,WR,3000
MvdQj0NQKoSmrIjc3Q2-3fqrLLc3,Kendal Thompson,SL,SD,20:00 2019-03-30,WR,3000
MvmXJXKw6X1sDtKBXVWEmd2Z0-kA,Shay Fields,SD,SL,20:00 2019-03-30,WR,3000
MugplZamc2FccLEXfQhqTP78rMH0,Anthony Denham,SL,SD,20:00 2019-03-30,TE,3200
MuHSfKeQrOoI1ClJnN-FfEA8b7H-,Austin Allen,SL,SD,20:00 2019-03-30,QB,5100
MuShKYY0K9EeX6CMhI3AqqdV8t4e,Kenny Bell,SL,SD,20:00 2019-03-30,WR,3000
MqJbakbCEnWa0GE5ufVxjYrW-xOm,Brandon Shippen,SL,SD,20:00 2019-03-30,WR,3000
MlykanC6iSdtw0gK2QlGM4-WBQxD,Malcolm Lewis,SL,SD,20:00 2019-03-30,WR,3000
MruASXlN9ksMnvFg3zcDg_6dISTx,Austin Traylor,SL,SD,20:00 2019-03-30,TE,3000
MtpaAkW1xD2OB6d8qJ8wyp5wSx5_,Nelson Spruce,SD,SL,20:00 2019-03-30,WR,6200
Mqs-U1gQrf9_eTiz3LS8GR68hjsZ,Ja'Quan Gardner,SD,SL,20:00 2019-03-30,RB,3200
MqG8mv-O0WxG7Ys9a-TXLeAlpKl4,Gary McKnight,SD,SL,20:00 2019-03-30,WR,3000
Ml2aJyxkx7lwDR4azvYur9AdRB-0,Chris Wuestner,SD,SL,20:00 2019-03-30,WR,3000
Mq1PLV5lOhdKtKO1E4E8csP5AGe-,Darius Powe,ORL,MEM,14:00 2019-03-30,WR,3000
MmRe-7NBO9YIy6K94hDWw8-mvOXf,Johnny Manziel,MEM,ORL,14:00 2019-03-30,QB,5300
MmdTzyAXr_06YKM9MvkpiX6Pysbd,Jalin Marshall,ORL,MEM,14:00 2019-03-30,WR,5800
MlYbA1bE5pTsO11ZvxV5Nn1xsrYI,Ryan Timmons,MEM,ORL,14:00 2019-03-30,WR,3000
Mnkh1iQb4Y5isX532bIn6EImwKO-,Brandon Silvers,MEM,ORL,14:00 2019-03-30,QB,5600
Mt4gflZxeBPVG4lzKOMS1mXCg5_l,Dillon Beard,MEM,ORL,14:00 2019-03-30,TE,3000
Mkc9kzRcckURCNXUWL-BkPIv-4il,Frankie Hammond,ORL,MEM,14:00 2019-03-30,WR,3000
MlV-02inUXrsEEpYRJOewDTYBKEj,Ishmael Hyman,ORL,MEM,14:00 2019-03-30,WR,3100
Mmmqlsepsal_J3NtkYLJF8G3nqSq,Stephen Morris,ORL,MEM,14:00 2019-03-30,QB,5000
Mpc5pPtq5oFQrAk8nDVXnbKV4P1D,Gerrard Sheppard,MEM,ORL,14:00 2019-03-30,WR,3300
MpZypZ4X4DO9uNQNzutAgaUT0XKI,Dontez Byrd,MEM,ORL,14:00 2019-03-30,WR,3500
Mn4R-c0RduILnqgZnvZjH3Jd8MVD,Chris Givens,MEM,ORL,14:00 2019-03-30,WR,3000
Moi9AWTLwLF-WmHNRk8tzww8hRT8,Scott Orndoff,ORL,MEM,14:00 2019-03-30,TE,3700
MoeMfNlZEYBPr7ka0PjOdeR7HMP4,Freddie Stevenson,ORL,MEM,14:00 2019-03-30,RB,3000
MnFNOyNyHw3fXrcKp2lxuEu1-nwP,"Alton ""Pig"" Howard",MEM,ORL,14:00 2019-03-30,WR,3600
MmdtBPUESCj6etrJlxQqHVJwRPKO,Kenny Hilliard,MEM,ORL,14:00 2019-03-30,RB,3000
MmMr1PqQzXo0ZVHk39O2j4ktgFhu,Adrien Robinson,MEM,ORL,14:00 2019-03-30,TE,3200
Mlkn1pQPSwR3LemN-XCL48ySzaYZ,Chris Thompson,ORL,MEM,14:00 2019-03-30,WR,3000
Mljhybw7om52eXm6ZeD_ANOK77jn,Matt Weiser,ORL,MEM,14:00 2019-03-30,TE,3100
MlcxcyvoaMkgMadxjz-PrXKAmhCJ,Ryan Green,ORL,MEM,14:00 2019-03-30,RB,3000
MkiXHB9MYn5EIMB45S7Fibn3RG3M,Sean Price,ORL,MEM,14:00 2019-03-30,TE,3000
Mjwho2KhxUh6xpMCmX3U-V_km0UF,Damore'ea Stringfellow,MEM,ORL,14:00 2019-03-30,WR,3000
MjnRSiLQsYyZvE5hxod1B0h_Ignj,Zach Mettenberger,MEM,ORL,14:00 2019-03-30,QB,5000
MjettGyZJjFuU3x_kJi48USJ-Rrp,"Louis Murphy, Jr.",ORL,MEM,14:00 2019-03-30,WR,3000
MjQz3RHcgjyoXXVYFkrbYJBL3yvn,Zac Stacy,MEM,ORL,14:00 2019-03-30,RB,6700
MhrAJwyKga3UBoK-J_v307TucpTf,Troy Cook,MEM,ORL,14:00 2019-03-30,QB,5000
Mv5aLcnX86bjZaa2ms87A1SdYdZd,Terrence Magee,MEM,ORL,14:00 2019-03-30,RB,3600
MghafSFsmMJEqEbj9V32CpQYylAK,Deandre Goolsby,ORL,MEM,14:00 2019-03-30,TE,3000
Mg_iWUx6iDiql9d09kaUxijp2Qvy,Daniel Williams,MEM,ORL,14:00 2019-03-30,WR,5600
Mg89OyTmItplfDaiI18qnQn6A-Kr,Brandon Barnes,MEM,ORL,14:00 2019-03-30,TE,3200
Mg8t9oQKqwdsKIyXSmqRSW_X70cM,Devin Lucien,MEM,ORL,14:00 2019-03-30,WR,3500
Mg4AHqskdCcKzLq-LxVL4JwlkGWh,Mark Herndon,ORL,MEM,14:00 2019-03-30,RB,3000
MgWqgIYh39TaLl2VCdS8tsfiVWxV,D'Ernest Johnson,ORL,MEM,14:00 2019-03-30,RB,4700
MhRTrUtStQOpZRmQASCkBgV0fhIJ,Reece Horn,MEM,ORL,14:00 2019-03-30,WR,6500
MvZ6gLtpamosPsiiexXMnTl1DlPa,Christian Briggs,MEM,ORL,14:00 2019-03-30,WR,3000
MvTT4xOoMN8rnyOaC30nCg5GEUA7,Larry Donnell,MEM,ORL,14:00 2019-03-30,TE,3000
Mvos-CiReB7Xgv_4M0LSY8WsAuH8,Charles Johnson,ORL,MEM,14:00 2019-03-30,WR,7600
Mul2mvkoQSqrfJpTvU04gOWesuV-,Cordon Moog,MEM,ORL,14:00 2019-03-30,RB,3000
Muh23P6Whs1oYp8njPCCEt0psh-G,Akeem Hunt,ORL,MEM,14:00 2019-03-30,RB,4400
Mt8qaE2AsIDmodlxS6QH8H-BvJsU,Ryan Mallet,MEM,ORL,14:00 2019-03-30,QB,5000
MuMIoRMMnHjBlagLQoZ8W-WP6E-w,Amir Carlisle,MEM,ORL,14:00 2019-03-30,WR,3200
MtrMUn2A9gmLtX-r9HO6AkYUy6XR,Rannell Hall,ORL,MEM,14:00 2019-03-30,WR,5000
MslD5In5tqTq-Wa_R1hyVprcNKb6,Christian Hackenberg,MEM,ORL,14:00 2019-03-30,QB,5000
MuV61fWM6sA0uQR9zlLTFTE5KrTp,Willie Quinn,ORL,MEM,14:00 2019-03-30,WR,3000
MtSJTnGpkivopNJBMTr_0CszuGay,Darryl Richardson,MEM,ORL,14:00 2019-03-30,TE,3000
MtF3S8heBWTIt-sqIhfmnCuWqGBm,Drew Morgan,MEM,ORL,14:00 2019-03-30,WR,3000
MsSW7k2bvNdN0P0l5GxNqN339QSX,Anthony Manzo-Lewis,MEM,ORL,14:00 2019-03-30,RB,3000
MrcbTGRfExX6jV5TIlzBA0U5Hj2E,De'Veon Smith,ORL,MEM,14:00 2019-03-30,RB,5300
Mtd5_MUsT9kODDCWx2Xbgr5IqD5c,Kevin Anderson,ORL,MEM,14:00 2019-03-30,QB,5000
MtTXt5qR6aXBn7AhYtdhdMbDZTQu,Javontee Herndon,MEM,ORL,14:00 2019-03-30,WR,3000
Mqnq5l339f1e7sM0Ypu4qHaoIBdh,Austin Appleby,ORL,MEM,14:00 2019-03-30,QB,5000
MqGd44MUMsf1cWf9eclgu5gZxo_b,Garrett Gilbert,ORL,MEM,14:00 2019-03-30,QB,6700
MrxsVJwCGFXBajsksqfAYwPZbFtK,Donteea Dye Jr.,ORL,MEM,14:00 2019-03-30,WR,3300
